INSERT INTO tb_user (ID, USER_NAME, PASSWORD) VALUES (UUID_TO_BIN('e0f279d7-5536-11f0-a29e-04bf1b4887e6'),'EDUARDO', 'MinhaSenhaForte123#');
INSERT INTO tb_user (ID, USER_NAME, PASSWORD) VALUES (UUID_TO_BIN('77ed86e6-5537-11f0-a29e-04bf1b4887e6'),'KATIA', 'MinhaSenhaForte123#');
INSERT INTO tb_user (ID, USER_NAME, PASSWORD) VALUES (UUID_TO_BIN('82c9e3fe-5537-11f0-a29e-04bf1b4887e6'),'REBECA', 'MinhaSernhaForte123#');
INSERT INTO tb_user (ID, USER_NAME, PASSWORD) VALUES (UUID_TO_BIN('dea722bd-3383-4367-96a7-81d0232cc392'),'VALERIA', 'MinhaSernhaForte123#');

INSERT INTO tb_address (ID, STREET, CITY, STATE, ZIP_CODE) VALUES (UUID_TO_BIN('1a2b3c4d-55ca-11f0-a29e-04bf1b4887e6'),'Av. Paulista, 123', 'São Paulo', 'SP', '01334-567');
INSERT INTO tb_address (ID, STREET, CITY, STATE, ZIP_CODE) VALUES (UUID_TO_BIN('2b3c4d5e-55ca-11f0-a29e-04bf1b4887e6'),'Rua da Consolação, 456', 'São Paulo', 'SP', '01323-456');
INSERT INTO tb_address (ID, STREET, CITY, STATE, ZIP_CODE) VALUES (UUID_TO_BIN('3c4d5e6f-55ca-11f0-a29e-04bf1b4887e6'),'Av. Brigadeiro Faria Lima, 789', 'São Paulo', 'SP', '01452-789');

INSERT INTO tb_restaurant (ID, NAME, CUISINE_TYPE, OPEN_TIME, CLOSE_TIME, OWNER_ID, ADDRESS_ID) VALUES (UUID_TO_BIN('6c642e31-55ca-11f0-a29e-04bf1b4887e6'),'EDU PIZZA', 'ITALIAN', '11:00:00','22:00:00',UUID_TO_BIN('e0f279d7-5536-11f0-a29e-04bf1b4887e6') , UUID_TO_BIN('1a2b3c4d-55ca-11f0-a29e-04bf1b4887e6'));
INSERT INTO tb_restaurant (ID, NAME, CUISINE_TYPE, OPEN_TIME, CLOSE_TIME, OWNER_ID, ADDRESS_ID) VALUES (UUID_TO_BIN('7bacc50f-55ca-11f0-a29e-04bf1b4887e6'),'KATIA BURGER', 'AMERICAN', '11:00:00','22:00:00',UUID_TO_BIN('77ed86e6-5537-11f0-a29e-04bf1b4887e6'), UUID_TO_BIN('2b3c4d5e-55ca-11f0-a29e-04bf1b4887e6'));
INSERT INTO tb_restaurant (ID, NAME, CUISINE_TYPE, OPEN_TIME, CLOSE_TIME, OWNER_ID, ADDRESS_ID) VALUES (UUID_TO_BIN('8c41874b-55ca-11f0-a29e-04bf1b4887e6'),'REBECA SUSHI', 'JAPANESE', '11:00:00','22:00:00',UUID_TO_BIN('82c9e3fe-5537-11f0-a29e-04bf1b4887e6'), UUID_TO_BIN('3c4d5e6f-55ca-11f0-a29e-04bf1b4887e6'));

INSERT INTO tb_menu (ID, NAME, DESCRIPTION, PRICE, AVAILABLE, IMAGE_URL, RESTAURANT_ID) VALUES (UUID_TO_BIN('9d5f1c6b-55ca-11f0-a29e-04bf1b4887e6'),'MARGUERITA', 'Pizza de mussarela com tomate e manjericão', 29.90, TRUE, 'https://example.com/images/marguerita.jpg', UUID_TO_BIN('6c642e31-55ca-11f0-a29e-04bf1b4887e6'));
INSERT INTO tb_menu (ID, NAME, DESCRIPTION, PRICE, AVAILABLE, IMAGE_URL, RESTAURANT_ID) VALUES (UUID_TO_BIN('a0b1c2d3-55ca-11f0-a29e-04bf1b4887e6'),'PEPPERONI', 'Pizza de pepperoni com queijo e molho de tomate', 34.90, TRUE, 'https://example.com/images/pepperoni.jpg', UUID_TO_BIN('6c642e31-55ca-11f0-a29e-04bf1b4887e6'));
INSERT INTO tb_menu (ID, NAME, DESCRIPTION, PRICE, AVAILABLE, IMAGE_URL, RESTAURANT_ID) VALUES (UUID_TO_BIN('b1c2d3e4-55ca-11f0-a29e-04bf1b4887e6'),'CLASSIC BURGER', 'Hambúrguer clássico com queijo, alface e tomate', 19.90, TRUE, 'https://example.com/images/classic_burger.jpg', UUID_TO_BIN('7bacc50f-55ca-11f0-a29e-04bf1b4887e6'));
INSERT INTO tb_menu (ID, NAME, DESCRIPTION, PRICE, AVAILABLE, IMAGE_URL, RESTAURANT_ID) VALUES (UUID_TO_BIN('c2d3e4f5-55ca-11f0-a29e-04bf1b4887e6'),'SPICY BURGER', 'Hambúrguer picante com molho especial', 21.90, TRUE, 'https://example.com/images/spicy_burger.jpg', UUID_TO_BIN('7bacc50f-55ca-11f0-a29e-04bf1b4887e6'));
INSERT INTO tb_menu (ID, NAME, DESCRIPTION, PRICE, AVAILABLE, IMAGE_URL, RESTAURANT_ID) VALUES (UUID_TO_BIN('dc359bb4-583a-11f0-a29e-04bf1b4887e6'),'SASHIMI DE SALMÃO', 'Fatias finas de salmão fresco', 39.90, TRUE, 'https://example.com/images/sashimi_salmon.jpg', UUID_TO_BIN('8c41874b-55ca-11f0-a29e-04bf1b4887e6'));
INSERT INTO tb_menu (ID, NAME, DESCRIPTION, PRICE, AVAILABLE, IMAGE_URL, RESTAURANT_ID) VALUES (UUID_TO_BIN('f3b10dcc-583a-11f0-a29e-04bf1b4887e6'),'NIGIRI DE ATUM', 'Bolinho de arroz com fatia de atum', 34.90, TRUE, 'https://example.com/images/nigiri_tuna.jpg', UUID_TO_BIN('8c41874b-55ca-11f0-a29e-04bf1b4887e6'));

INSERT INTO tb_role (ID, NAME) VALUES (UUID_TO_BIN('4d5e6f7a-55ca-11f0-a29e-04bf1b4887e6'), 'ADMIN');
INSERT INTO tb_role (ID, NAME) VALUES (UUID_TO_BIN('6f7a8b9c-55ca-11f0-a29e-04bf1b4887e6'), 'OWNER');
INSERT INTO tb_role (ID, NAME) VALUES (UUID_TO_BIN('5e6f7a8b-55ca-11f0-a29e-04bf1b4887e6'), 'CUSTOMER');

INSERT INTO tb_user_role (USER_ID, ROLE_ID) VALUES (UUID_TO_BIN('e0f279d7-5536-11f0-a29e-04bf1b4887e6'), UUID_TO_BIN('4d5e6f7a-55ca-11f0-a29e-04bf1b4887e6')); -- ADMIN
INSERT INTO tb_user_role (USER_ID, ROLE_ID) VALUES (UUID_TO_BIN('e0f279d7-5536-11f0-a29e-04bf1b4887e6'), UUID_TO_BIN('6f7a8b9c-55ca-11f0-a29e-04bf1b4887e6')); -- OWNER
INSERT INTO tb_user_role (USER_ID, ROLE_ID) VALUES (UUID_TO_BIN('77ed86e6-5537-11f0-a29e-04bf1b4887e6'), UUID_TO_BIN('5e6f7a8b-55ca-11f0-a29e-04bf1b4887e6')); -- CUSTOMER
INSERT INTO tb_user_role (USER_ID, ROLE_ID) VALUES (UUID_TO_BIN('82c9e3fe-5537-11f0-a29e-04bf1b4887e6'), UUID_TO_BIN('6f7a8b9c-55ca-11f0-a29e-04bf1b4887e6')); -- OWNER
INSERT INTO tb_user_role (USER_ID, ROLE_ID) VALUES (UUID_TO_BIN('82c9e3fe-5537-11f0-a29e-04bf1b4887e6'), UUID_TO_BIN('4d5e6f7a-55ca-11f0-a29e-04bf1b4887e6')); -- OWNER
